-- ν¬ν•­ μ¤ν† λ¦¬ ν…”λ¬ μ‚¬μ©μ μ°Έμ—¬ λ°μ΄ν„°
-- μƒμ„±μΌ: 2024-12-19
-- μ„¤λ…: μ‚¬μ©μ μ°Έμ—¬ λ° μƒνΈμ‘μ©μ„ μ„ν• μƒν” λ°μ΄ν„°
-- Supabase Migration SQL Guideline μ¤€μ
-- 
-- β οΈ μ£Όμ: μ΄ νμΌμ€ λ‹¤μ νμΌλ“¤ μ΄ν›„μ— μ‹¤ν–‰λμ–΄μ•Ό ν•©λ‹λ‹¤:
-- 1. 20241219_001_initial_schema.sql
-- 2. 20241219_002_sample_data.sql
-- 3. 20241219_003_pohang_tourist_spots.sql
-- 
-- β οΈ μ¤‘μ”: μ΄ νμΌμ μ‚¬μ©μ κ΄€λ ¨ λ°μ΄ν„°λ” auth.users ν…μ΄λΈ”μ— ν•΄λ‹Ή μ‚¬μ©μκ°€ μ΅΄μ¬ν•  λ•λ§ μ‚¬μ©ν•μ„Έμ”.
-- ν„μ¬ λ¨λ“  μ‚¬μ©μ κ΄€λ ¨ λ°μ΄ν„°λ” μ£Όμ„ μ²λ¦¬λμ–΄ μμµλ‹λ‹¤.
-- μ‹¤μ  μ‚¬μ© μ‹μ—λ” auth.users ν…μ΄λΈ”μ— μ‚¬μ©μλ¥Ό λ¨Όμ € μƒμ„±ν• ν›„ μ£Όμ„μ„ ν•΄μ ν•μ„Έμ”.

-- =============================================
-- 1. κ°λ°μ© μ‚¬μ©μ ν”„λ΅ν•„ λ°μ΄ν„°
-- =============================================

-- μ‚¬μ©μ λ°μ΄ν„° μ‹¤ν–‰ (auth.users ν…μ΄λΈ”μ— μ‚¬μ©μκ°€ μƒμ„±λ ν›„ μ‹¤ν–‰)

-- β… λ¨λ“  μ‚¬μ©μ κ΄€λ ¨ λ°μ΄ν„°κ°€ ν™μ„±ν™”λμ—μµλ‹λ‹¤.
-- λ‹¤μ λ°μ΄ν„°κ°€ ν¬ν•¨λ©λ‹λ‹¤:
-- - profiles (μ‚¬μ©μ ν”„λ΅ν•„)
-- - user_preferences (μ‚¬μ©μ μ„ νΈλ„)
-- - stamps (μ¤νƒ¬ν”„)
-- - albums (μ•¨λ²”)
-- - album_items (μ•¨λ²” μ•„μ΄ν…)
-- - posts (κ²μ‹λ¬Ό)
-- - likes (μΆ‹μ•„μ”)
-- - comments (λ“κΈ€)
-- - shares (κ³µμ )
-- - orders (μ£Όλ¬Έ)
-- - order_items (μ£Όλ¬Έ μ•„μ΄ν…)
-- - chat_sessions (μ±„ν… μ„Έμ…)
-- - chat_messages (μ±„ν… λ©”μ‹μ§€)

-- κ°λ°μ© μ‚¬μ©μ ν”„λ΅ν•„ (auth.users ν…μ΄λΈ”μ— μ‚¬μ©μκ°€ μƒμ„±λ ν›„ μ‹¤ν–‰)
INSERT INTO profiles (id, email, name, avatar_url, preferences) VALUES
('00000000-0000-0000-0000-000000000001', 'test@example.com', 'ν…μ¤νΈ μ‚¬μ©μ', 'https://picsum.photos/100/100?random=avatar1', '{"theme": "dark", "language": "ko"}'),
('00000000-0000-0000-0000-000000000002', 'admin@example.com', 'κ΄€λ¦¬μ', 'https://picsum.photos/100/100?random=avatar2', '{"theme": "light", "language": "ko"}'),
('00000000-0000-0000-0000-000000000003', 'user1@example.com', 'κΉ€ν¬ν•­', 'https://picsum.photos/100/100?random=avatar3', '{"theme": "auto", "language": "ko"}'),
('00000000-0000-0000-0000-000000000004', 'user2@example.com', 'μ΄μ—¬ν–‰', 'https://picsum.photos/100/100?random=avatar4', '{"theme": "light", "language": "ko"}'),
('00000000-0000-0000-0000-000000000005', 'user3@example.com', 'λ°•μ¤ν† λ¦¬', 'https://picsum.photos/100/100?random=avatar5', '{"theme": "dark", "language": "ko"}')
ON CONFLICT (id) DO NOTHING;

-- =============================================
-- 2. μ‚¬μ©μ μ„ νΈλ„ λ°μ΄ν„°
-- =============================================

-- μ‚¬μ©μ μ„ νΈλ„ λ°μ΄ν„°
INSERT INTO user_preferences (user_id, interests, travel_style, budget_range, language, notifications_enabled, privacy_level) VALUES
('00000000-0000-0000-0000-000000000001', ARRAY['μμ—°κ²½κ΄€', 'λ§›μ§‘νƒλ°©'], 'relaxed', 'medium', 'ko', true, 'public'),
('00000000-0000-0000-0000-000000000002', ARRAY['μ—­μ‚¬μ—¬ν–‰', 'λ¬Έν™”μμ '], 'cultural', 'high', 'ko', true, 'private'),
('00000000-0000-0000-0000-000000000003', ARRAY['μμ—°κ²½κ΄€', 'κ³¨λ©μ‚°μ±…'], 'active', 'low', 'ko', false, 'public'),
('00000000-0000-0000-0000-000000000004', ARRAY['λ§›μ§‘νƒλ°©', 'μμ—°κ²½κ΄€'], 'relaxed', 'medium', 'ko', true, 'public'),
('00000000-0000-0000-0000-000000000005', ARRAY['μ—­μ‚¬μ—¬ν–‰', 'λ¬Έν™”μμ ', 'κ³¨λ©μ‚°μ±…'], 'cultural', 'high', 'ko', true, 'private');

-- =============================================
-- 3. μ¤νƒ¬ν”„ νλ“ λ°μ΄ν„°
-- =============================================

-- μ¤νƒ¬ν”„ λ°μ΄ν„°
-- ν•„μ λ°μ΄ν„° μ΅΄μ¬ ν™•μΈ
DO $$
BEGIN
    IF NOT EXISTS (SELECT 1 FROM locations WHERE name = 'μμΌλ€ ν•΄μμ•μ¥') THEN
        RAISE EXCEPTION 'ν•„μ κ΄€κ΄‘μ§€ λ°μ΄ν„°κ°€ μ—†μµλ‹λ‹¤. μ΄μ „ λ§μ΄κ·Έλ μ΄μ… νμΌλ“¤μ„ λ¨Όμ € μ‹¤ν–‰ν•μ„Έμ”.';
    END IF;
    
    IF NOT EXISTS (SELECT 1 FROM courses WHERE title = 'ν¬ν•­ λ°”λ‹¤μ™€ μΌλ°μ λ§λ‚¨') THEN
        RAISE EXCEPTION 'ν•„μ μ½”μ¤ λ°μ΄ν„°κ°€ μ—†μµλ‹λ‹¤. μ΄μ „ λ§μ΄κ·Έλ μ΄μ… νμΌλ“¤μ„ λ¨Όμ € μ‹¤ν–‰ν•μ„Έμ”.';
    END IF;
END $$;

INSERT INTO stamps (user_id, location_id, course_id, acquired_at, qr_code_scanned, is_verified) VALUES
('00000000-0000-0000-0000-000000000001', (SELECT id FROM locations WHERE name = 'μμΌλ€ ν•΄μμ•μ¥' LIMIT 1), (SELECT id FROM courses WHERE title = 'ν¬ν•­ λ°”λ‹¤μ™€ μΌλ°μ λ§λ‚¨' LIMIT 1), NOW() - INTERVAL '2 days', 'QR_YEONGILDAE_001', true),
('00000000-0000-0000-0000-000000000001', (SELECT id FROM locations WHERE name = 'κµ¬λ£΅ν¬' LIMIT 1), (SELECT id FROM courses WHERE title = 'ν¬ν•­ λ°”λ‹¤μ™€ μΌλ°μ λ§λ‚¨' LIMIT 1), NOW() - INTERVAL '1 day', 'QR_GURYONGPO_021', true),
('00000000-0000-0000-0000-000000000002', (SELECT id FROM locations WHERE name = 'ν¬ν•­μ‹λ¦½μ¤‘μ•™μ•„νΈν™€' LIMIT 1), (SELECT id FROM courses WHERE title = 'ν¬ν•­ λ¬Έν™”μ μ  νƒλ°©' LIMIT 1), NOW() - INTERVAL '3 days', 'QR_ART_HALL_044', true),
('00000000-0000-0000-0000-000000000002', (SELECT id FROM locations WHERE name = 'ν¬μ€μ¤‘μ•™λ„μ„κ΄€' LIMIT 1), (SELECT id FROM courses WHERE title = 'ν¬ν•­ λ¬Έν™”μ μ  νƒλ°©' LIMIT 1), NOW() - INTERVAL '2 days', 'QR_LIBRARY_045', true),
('00000000-0000-0000-0000-000000000003', (SELECT id FROM locations WHERE name = 'νΈλ―Έκ³¶' LIMIT 1), (SELECT id FROM courses WHERE title = 'νΈλ―Έκ³¶ μΌμ¶ ν¬μ–΄' LIMIT 1), NOW() - INTERVAL '1 day', 'QR_HOMIGOT_001', true),
('00000000-0000-0000-0000-000000000003', (SELECT id FROM locations WHERE name = 'κµ­λ¦½λ“±λ€λ°•λ¬Όκ΄€' LIMIT 1), (SELECT id FROM courses WHERE title = 'νΈλ―Έκ³¶ μΌμ¶ ν¬μ–΄' LIMIT 1), NOW() - INTERVAL '1 day', 'QR_LIGHTHOUSE_026', true),
('00000000-0000-0000-0000-000000000004', (SELECT id FROM locations WHERE name = 'ν¬ν•­μ‹μ¥' LIMIT 1), (SELECT id FROM courses WHERE title = 'ν¬ν•­ λ§›μ§‘ νƒλ°©' LIMIT 1), NOW() - INTERVAL '4 days', 'QR_MARKET_001', true),
('00000000-0000-0000-0000-000000000004', (SELECT id FROM locations WHERE name = 'μ²­ν• κ³µμ§„μ‹μ¥' LIMIT 1), (SELECT id FROM courses WHERE title = 'ν¬ν•­ λ§›μ§‘ νƒλ°©' LIMIT 1), NOW() - INTERVAL '3 days', 'QR_GONGJIN_056', true),
('00000000-0000-0000-0000-000000000005', (SELECT id FROM locations WHERE name = 'μ¥κΈ°μ λ°°λ¬Έν™”μ²΄ν—μ΄' LIMIT 1), (SELECT id FROM courses WHERE title = 'ν¬ν•­ λ¬Έν™”μ μ  νƒλ°©' LIMIT 1), NOW() - INTERVAL '5 days', 'QR_EXILE_030', true),
('00000000-0000-0000-0000-000000000005', (SELECT id FROM locations WHERE name = 'ν¬ν•­ν•¨μ²΄ν—κ΄€' LIMIT 1), (SELECT id FROM courses WHERE title = 'ν¬ν•­ λ¬Έν™”μ μ  νƒλ°©' LIMIT 1), NOW() - INTERVAL '4 days', 'QR_SHIP_046', true);

-- =============================================
-- 4. μ•¨λ²” λ°μ΄ν„°
-- =============================================

INSERT INTO albums (user_id, title, description, theme, cover_image_url, is_public) VALUES
('00000000-0000-0000-0000-000000000001', 'ν¬ν•­ λ°”λ‹¤ μ—¬ν–‰', 'μμΌλ€ ν•΄μμ•μ¥κ³Ό κµ¬λ£΅ν¬λ¥Ό λ‘λ¬λ³Έ μ•„λ¦„λ‹¤μ΄ μ—¬ν–‰', 'nature', 'https://picsum.photos/400/300?random=album1', true),
('00000000-0000-0000-0000-000000000002', 'ν¬ν•­ λ¬Έν™”μ μ  νƒλ°©', 'μ•„νΈν™€κ³Ό λ¬Έν™”μμ νκ΄€μ„ λ‘λ¬λ³Έ λ¬Έν™” μμ  μ—¬ν–‰', 'culture', 'https://picsum.photos/400/300?random=album2', true),
('00000000-0000-0000-0000-000000000003', 'νΈλ―Έκ³¶ μΌμ¶ ν¬μ–΄', 'ν•λ°λ„ μµλ™λ‹¨μ—μ„ λ§μ΄ν• νΉλ³„ν• μΌμ¶', 'nature', 'https://picsum.photos/400/300?random=album3', false),
('00000000-0000-0000-0000-000000000004', 'ν¬ν•­ λ§›μ§‘ νƒλ°©', 'ν¬ν•­μ λ‹¤μ–‘ν• λ§›μ§‘λ“¤μ„ λ‘λ¬λ³Έ λ§›μ§‘ ν¬μ–΄', 'food', 'https://picsum.photos/400/300?random=album4', true),
('00000000-0000-0000-0000-000000000005', 'ν¬ν•­ λ¬Έν™”μ μ  νƒλ°©', 'μ¥κΈ°μ λ°°λ¬Έν™”μ²΄ν—μ΄κ³Ό λ¬Έν™”μμ νκ΄€μ„ λ‘λ¬λ³Έ λ¬Έν™” μ—¬ν–‰', 'history', 'https://picsum.photos/400/300?random=album5', true);

-- =============================================
-- 5. μ•¨λ²” μ•„μ΄ν… λ°μ΄ν„°
-- =============================================

INSERT INTO album_items (album_id, item_type, content, media_url, metadata, order_index) VALUES
((SELECT id FROM albums WHERE title = 'ν¬ν•­ λ°”λ‹¤ μ—¬ν–‰' LIMIT 1), 'stamp', 'μμΌλ€ ν•΄μμ•μ¥ μ¤νƒ¬ν”„', 'https://picsum.photos/200/200?random=stamp1', '{"location": "μμΌλ€ ν•΄μμ•μ¥", "acquired_at": "2024-12-17"}', 1),
((SELECT id FROM albums WHERE title = 'ν¬ν•­ λ°”λ‹¤ μ—¬ν–‰' LIMIT 1), 'photo', 'μμΌλ€ ν•΄μμ•μ¥ μ‚¬μ§„', 'https://picsum.photos/800/600?random=photo1', '{"location": "μμΌλ€ ν•΄μμ•μ¥", "taken_at": "2024-12-17"}', 2),
((SELECT id FROM albums WHERE title = 'ν¬ν•­ λ°”λ‹¤ μ—¬ν–‰' LIMIT 1), 'stamp', 'κµ¬λ£΅ν¬ μ¤νƒ¬ν”„', 'https://picsum.photos/200/200?random=stamp2', '{"location": "κµ¬λ£΅ν¬", "acquired_at": "2024-12-18"}', 3),
((SELECT id FROM albums WHERE title = 'ν¬ν•­ λ°”λ‹¤ μ—¬ν–‰' LIMIT 1), 'photo', 'κµ¬λ£΅ν¬ μ‚¬μ§„', 'https://picsum.photos/800/600?random=photo2', '{"location": "κµ¬λ£΅ν¬", "taken_at": "2024-12-18"}', 4),
((SELECT id FROM albums WHERE title = 'ν¬ν•­ λ¬Έν™”μ μ  νƒλ°©' LIMIT 1), 'stamp', 'ν¬ν•­μ‹λ¦½μ¤‘μ•™μ•„νΈν™€ μ¤νƒ¬ν”„', 'https://picsum.photos/200/200?random=stamp3', '{"location": "ν¬ν•­μ‹λ¦½μ¤‘μ•™μ•„νΈν™€", "acquired_at": "2024-12-16"}', 1),
((SELECT id FROM albums WHERE title = 'ν¬ν•­ λ¬Έν™”μ μ  νƒλ°©' LIMIT 1), 'photo', 'ν¬ν•­μ‹λ¦½μ¤‘μ•™μ•„νΈν™€ μ‚¬μ§„', 'https://picsum.photos/800/600?random=photo3', '{"location": "ν¬ν•­μ‹λ¦½μ¤‘μ•™μ•„νΈν™€", "taken_at": "2024-12-16"}', 2),
((SELECT id FROM albums WHERE title = 'ν¬ν•­ λ¬Έν™”μ μ  νƒλ°©' LIMIT 1), 'stamp', 'ν¬μ€μ¤‘μ•™λ„μ„κ΄€ μ¤νƒ¬ν”„', 'https://picsum.photos/200/200?random=stamp15', '{"location": "ν¬μ€μ¤‘μ•™λ„μ„κ΄€", "acquired_at": "2024-12-17"}', 3),
((SELECT id FROM albums WHERE title = 'ν¬ν•­ λ¬Έν™”μ μ  νƒλ°©' LIMIT 1), 'photo', 'ν¬μ€μ¤‘μ•™λ„μ„κ΄€ μ‚¬μ§„', 'https://picsum.photos/800/600?random=photo4', '{"location": "ν¬μ€μ¤‘μ•™λ„μ„κ΄€", "taken_at": "2024-12-17"}', 4),
((SELECT id FROM albums WHERE title = 'νΈλ―Έκ³¶ μΌμ¶ ν¬μ–΄' LIMIT 1), 'stamp', 'νΈλ―Έκ³¶ μ¤νƒ¬ν”„', 'https://picsum.photos/200/200?random=stamp5', '{"location": "νΈλ―Έκ³¶", "acquired_at": "2024-12-18"}', 1),
((SELECT id FROM albums WHERE title = 'νΈλ―Έκ³¶ μΌμ¶ ν¬μ–΄' LIMIT 1), 'photo', 'νΈλ―Έκ³¶ μΌμ¶ μ‚¬μ§„', 'https://picsum.photos/800/600?random=photo5', '{"location": "νΈλ―Έκ³¶", "taken_at": "2024-12-18"}', 2),
((SELECT id FROM albums WHERE title = 'ν¬ν•­ λ§›μ§‘ νƒλ°©' LIMIT 1), 'stamp', 'ν¬ν•­μ‹μ¥ μ¤νƒ¬ν”„', 'https://picsum.photos/200/200?random=stamp6', '{"location": "ν¬ν•­μ‹μ¥", "acquired_at": "2024-12-15"}', 1),
((SELECT id FROM albums WHERE title = 'ν¬ν•­ λ§›μ§‘ νƒλ°©' LIMIT 1), 'photo', 'ν¬ν•­μ‹μ¥ μ‚¬μ§„', 'https://picsum.photos/800/600?random=photo6', '{"location": "ν¬ν•­μ‹μ¥", "taken_at": "2024-12-15"}', 2),
((SELECT id FROM albums WHERE title = 'ν¬ν•­ λ§›μ§‘ νƒλ°©' LIMIT 1), 'stamp', 'μ²­ν• κ³µμ§„μ‹μ¥ μ¤νƒ¬ν”„', 'https://picsum.photos/200/200?random=stamp10', '{"location": "μ²­ν• κ³µμ§„μ‹μ¥", "acquired_at": "2024-12-16"}', 3),
((SELECT id FROM albums WHERE title = 'ν¬ν•­ λ§›μ§‘ νƒλ°©' LIMIT 1), 'photo', 'μ²­ν• κ³µμ§„μ‹μ¥ μ‚¬μ§„', 'https://picsum.photos/800/600?random=photo7', '{"location": "μ²­ν• κ³µμ§„μ‹μ¥", "taken_at": "2024-12-16"}', 4),
((SELECT id FROM albums WHERE title = 'ν¬ν•­ λ¬Έν™”μ μ  νƒλ°©' LIMIT 1), 'stamp', 'μ¥κΈ°μ λ°°λ¬Έν™”μ²΄ν—μ΄ μ¤νƒ¬ν”„', 'https://picsum.photos/200/200?random=stamp9', '{"location": "μ¥κΈ°μ λ°°λ¬Έν™”μ²΄ν—μ΄", "acquired_at": "2024-12-14"}', 1),
((SELECT id FROM albums WHERE title = 'ν¬ν•­ λ¬Έν™”μ μ  νƒλ°©' LIMIT 1), 'photo', 'μ¥κΈ°μ λ°°λ¬Έν™”μ²΄ν—μ΄ μ‚¬μ§„', 'https://picsum.photos/800/600?random=photo8', '{"location": "μ¥κΈ°μ λ°°λ¬Έν™”μ²΄ν—μ΄", "taken_at": "2024-12-14"}', 2),
((SELECT id FROM albums WHERE title = 'ν¬ν•­ λ¬Έν™”μ μ  νƒλ°©' LIMIT 1), 'stamp', 'ν¬ν•­ν•¨μ²΄ν—κ΄€ μ¤νƒ¬ν”„', 'https://picsum.photos/200/200?random=stamp15', '{"location": "ν¬ν•­ν•¨μ²΄ν—κ΄€", "acquired_at": "2024-12-15"}', 3),
((SELECT id FROM albums WHERE title = 'ν¬ν•­ λ¬Έν™”μ μ  νƒλ°©' LIMIT 1), 'photo', 'ν¬ν•­ν•¨μ²΄ν—κ΄€ μ‚¬μ§„', 'https://picsum.photos/800/600?random=photo9', '{"location": "ν¬ν•­ν•¨μ²΄ν—κ΄€", "taken_at": "2024-12-15"}', 4);

-- =============================================
-- 6. κ²μ‹λ¬Ό λ°μ΄ν„°
-- =============================================

INSERT INTO posts (author_id, content, media_urls, hashtags, location_data, mood, is_public, like_count, comment_count, share_count) VALUES
('00000000-0000-0000-0000-000000000001', 'ν¬ν•­ μμΌλ€μ—μ„ μ°μ€ μ•„λ¦„λ‹¤μ΄ μΌλ° μ‚¬μ§„μ…λ‹λ‹¤! π…', 
 ARRAY['https://picsum.photos/800/600?random=post1'], 
 ARRAY['ν¬ν•­', 'μμΌλ€', 'μΌλ°', 'μ—¬ν–‰'], 
 '{"name": "μμΌλ€ ν•΄μμ•μ¥", "coordinates": [129.3656, 36.0194]}', 
 'happy', true, 15, 3, 2),
('00000000-0000-0000-0000-000000000001', 'κµ¬λ£΅ν¬ μ‚°μ±…κΈΈμ΄ μ •λ§ μΆ‹λ„¤μ”! π¶β€β™€οΈ', 
 ARRAY['https://picsum.photos/800/600?random=post2'], 
 ARRAY['ν¬ν•­', 'κµ¬λ£΅ν¬', 'μ‚°μ±…', 'μμ—°'], 
 '{"name": "κµ¬λ£΅ν¬", "coordinates": [129.5440, 35.9680]}', 
 'peaceful', true, 8, 1, 0),
('00000000-0000-0000-0000-000000000002', 'ν¬ν•­μ‹λ¦½μ¤‘μ•™μ•„νΈν™€μ—μ„ λ³Έ μ „μ‹νκ°€ μ •λ§ μΈμƒμ μ΄μ—μ–΄μ”! π¨', 
 ARRAY['https://picsum.photos/800/600?random=post3'], 
 ARRAY['ν¬ν•­', 'μ•„νΈν™€', 'μ „μ‹ν', 'λ¬Έν™”'], 
 '{"name": "ν¬ν•­μ‹λ¦½μ¤‘μ•™μ•„νΈν™€", "coordinates": [129.3600, 36.0150]}', 
 'inspired', true, 12, 5, 1),
('00000000-0000-0000-0000-000000000003', 'νΈλ―Έκ³¶μ—μ„ λ§μ΄ν• μΌμ¶μ΄ μ •λ§ μ¥κ΄€μ΄μ—μµλ‹λ‹¤! π…', 
 ARRAY['https://picsum.photos/800/600?random=post4'], 
 ARRAY['ν¬ν•­', 'νΈλ―Έκ³¶', 'μΌμ¶', 'μμ—°'], 
 '{"name": "νΈλ―Έκ³¶", "coordinates": [129.5678, 36.0761]}', 
 'amazed', true, 25, 8, 3),
('00000000-0000-0000-0000-000000000004', 'ν¬ν•­μ‹μ¥μ—μ„ λ§›λ³Έ ν•΄μ‚°λ¬Όμ΄ μ •λ§ μ‹ μ„ ν–μ–΄μ”! π¦', 
 ARRAY['https://picsum.photos/800/600?random=post5'], 
 ARRAY['ν¬ν•­', 'μ‹μ¥', 'ν•΄μ‚°λ¬Ό', 'λ§›μ§‘'], 
 '{"name": "ν¬ν•­μ‹μ¥", "coordinates": [129.3400, 36.0050]}', 
 'satisfied', true, 18, 6, 2),
('00000000-0000-0000-0000-000000000005', 'μ¥κΈ°μ λ°°λ¬Έν™”μ²΄ν—μ΄μ—μ„ ν¬ν•­μ μ—­μ‚¬λ¥Ό λ°°μ› μµλ‹λ‹¤! π“', 
 ARRAY['https://picsum.photos/800/600?random=post6'], 
 ARRAY['ν¬ν•­', 'μ λ°°λ¬Έν™”μ²΄ν—μ΄', 'μ—­μ‚¬', 'λ¬Έν™”'], 
 '{"name": "μ¥κΈ°μ λ°°λ¬Έν™”μ²΄ν—μ΄", "coordinates": [129.3550, 36.0120]}', 
 'educated', true, 9, 2, 1),
('00000000-0000-0000-0000-000000000001', 'μ†΅λ„μΉ΄νλ¬Έν™”κ±°λ¦¬μ μΉ΄νλ“¤μ΄ μ •λ§ λ…νΉν•΄μ”! β•', 
 ARRAY['https://picsum.photos/800/600?random=post7'], 
 ARRAY['ν¬ν•­', 'μΉ΄ν', 'μ†΅λ„μΉ΄νλ¬Έν™”κ±°λ¦¬', 'μ—¬ν–‰'], 
 '{"name": "μ†΅λ„μΉ΄νλ¬Έν™”κ±°λ¦¬", "coordinates": [129.3500, 35.9950]}', 
 'relaxed', true, 7, 1, 0),
('00000000-0000-0000-0000-000000000002', 'μΉ¨μ΄κ·Όλ¦°κ³µμ›μ—μ„ κ°€μ΅±κ³Ό ν•¨κ» μ¦κ±°μ΄ μ‹κ°„μ„ λ³΄λƒμ–΄μ”! π‘¨β€π‘©β€π‘§β€π‘¦', 
 ARRAY['https://picsum.photos/800/600?random=post8'], 
 ARRAY['ν¬ν•­', 'κ³µμ›', 'μΉ¨μ΄κ·Όλ¦°κ³µμ›', 'κ°€μ΅±'], 
 '{"name": "μΉ¨μ΄κ·Όλ¦°κ³µμ›", "coordinates": [129.3800, 36.0200]}', 
 'happy', true, 14, 4, 1),
('00000000-0000-0000-0000-000000000003', 'ν•νΈκ³µμ›μ—μ„ μ΄λ™μ„ ν–λ”λ° μ •λ§ μΆ‹μ•μ–΄μ”! πƒβ€β™‚οΈ', 
 ARRAY['https://picsum.photos/800/600?random=post9'], 
 ARRAY['ν¬ν•­', 'κ³µμ›', 'μ΄λ™', 'κ±΄κ°•'], 
 '{"name": "ν•νΈκ³µμ›", "coordinates": [129.3750, 36.0250]}', 
 'energetic', true, 6, 1, 0),
('00000000-0000-0000-0000-000000000004', 'ν¬μ€μ¤‘μ•™λ„μ„κ΄€μ—μ„ μ΅°μ©ν• λ…μ„ μ‹κ°„μ„ κ°€μ΅μ–΄μ”! π“–', 
 ARRAY['https://picsum.photos/800/600?random=post10'], 
 ARRAY['ν¬ν•­', 'λ„μ„κ΄€', 'λ…μ„', 'λ¬Έν™”'], 
 '{"name": "ν¬μ€μ¤‘μ•™λ„μ„κ΄€", "coordinates": [129.3650, 36.0100]}', 
 'peaceful', true, 11, 3, 1);

-- =============================================
-- 7. μΆ‹μ•„μ” λ°μ΄ν„°
-- =============================================

INSERT INTO likes (user_id, post_id) VALUES
('00000000-0000-0000-0000-000000000002', (SELECT id FROM posts WHERE content LIKE '%μμΌλ€%' LIMIT 1)),
('00000000-0000-0000-0000-000000000003', (SELECT id FROM posts WHERE content LIKE '%μμΌλ€%' LIMIT 1)),
('00000000-0000-0000-0000-000000000004', (SELECT id FROM posts WHERE content LIKE '%μμΌλ€%' LIMIT 1)),
('00000000-0000-0000-0000-000000000005', (SELECT id FROM posts WHERE content LIKE '%μμΌλ€%' LIMIT 1)),
('00000000-0000-0000-0000-000000000001', (SELECT id FROM posts WHERE content LIKE '%μ•„νΈν™€%' LIMIT 1)),
('00000000-0000-0000-0000-000000000003', (SELECT id FROM posts WHERE content LIKE '%μ•„νΈν™€%' LIMIT 1)),
('00000000-0000-0000-0000-000000000004', (SELECT id FROM posts WHERE content LIKE '%μ•„νΈν™€%' LIMIT 1)),
('00000000-0000-0000-0000-000000000005', (SELECT id FROM posts WHERE content LIKE '%μ•„νΈν™€%' LIMIT 1)),
('00000000-0000-0000-0000-000000000001', (SELECT id FROM posts WHERE content LIKE '%νΈλ―Έκ³¶%' LIMIT 1)),
('00000000-0000-0000-0000-000000000002', (SELECT id FROM posts WHERE content LIKE '%νΈλ―Έκ³¶%' LIMIT 1)),
('00000000-0000-0000-0000-000000000004', (SELECT id FROM posts WHERE content LIKE '%νΈλ―Έκ³¶%' LIMIT 1)),
('00000000-0000-0000-0000-000000000005', (SELECT id FROM posts WHERE content LIKE '%νΈλ―Έκ³¶%' LIMIT 1))
ON CONFLICT (user_id, post_id) DO NOTHING;

-- =============================================
-- 8. λ“κΈ€ λ°μ΄ν„°
-- =============================================

INSERT INTO comments (post_id, author_id, content, like_count) VALUES
((SELECT id FROM posts WHERE content LIKE '%μμΌλ€%' LIMIT 1), '00000000-0000-0000-0000-000000000002', 'μ •λ§ μ•„λ¦„λ‹¤μ΄ μΌλ°μ΄λ„¤μ”! μ €λ„ κ°€λ³΄κ³  μ‹¶μ–΄μ”.', 2),
((SELECT id FROM posts WHERE content LIKE '%μμΌλ€%' LIMIT 1), '00000000-0000-0000-0000-000000000003', 'ν¬ν•­μ μΌλ°μ€ μ •λ§ μµκ³ μμ”!', 1),
((SELECT id FROM posts WHERE content LIKE '%μ•„νΈν™€%' LIMIT 1), '00000000-0000-0000-0000-000000000001', 'μ „μ‹νκ°€ μ •λ§ μΆ‹μ•λ‚λ³΄λ„¤μ”. λ‹¤μμ— κ°€λ³΄κ² μµλ‹λ‹¤.', 0),
((SELECT id FROM posts WHERE content LIKE '%μ•„νΈν™€%' LIMIT 1), '00000000-0000-0000-0000-000000000004', 'λ¬Έν™” μμ μ„ μ¦κΈ°μ‹λ” λ¨μµμ΄ μΆ‹λ„¤μ”!', 1),
((SELECT id FROM posts WHERE content LIKE '%νΈλ―Έκ³¶%' LIMIT 1), '00000000-0000-0000-0000-000000000001', 'μΌμ¶μ„ λ³΄μ‹λ” λ¨μµμ΄ μ •λ§ λ©‹μ Έμ”!', 3),
((SELECT id FROM posts WHERE content LIKE '%νΈλ―Έκ³¶%' LIMIT 1), '00000000-0000-0000-0000-000000000002', 'νΈλ―Έκ³¶μ μΌμ¶μ€ μ •λ§ μ¥κ΄€μ΄μ£ !', 2);

-- =============================================
-- 9. κ³µμ  λ°μ΄ν„°
-- =============================================

INSERT INTO shares (post_id, user_id, platform, share_url) VALUES
((SELECT id FROM posts WHERE content LIKE '%μμΌλ€%' LIMIT 1), '00000000-0000-0000-0000-000000000002', 'instagram', 'https://instagram.com/p/example1'),
((SELECT id FROM posts WHERE content LIKE '%μμΌλ€%' LIMIT 1), '00000000-0000-0000-0000-000000000003', 'facebook', 'https://facebook.com/posts/example1'),
((SELECT id FROM posts WHERE content LIKE '%μ•„νΈν™€%' LIMIT 1), '00000000-0000-0000-0000-000000000001', 'instagram', 'https://instagram.com/p/example2'),
((SELECT id FROM posts WHERE content LIKE '%νΈλ―Έκ³¶%' LIMIT 1), '00000000-0000-0000-0000-000000000001', 'kakao', 'https://story.kakao.com/example1'),
((SELECT id FROM posts WHERE content LIKE '%νΈλ―Έκ³¶%' LIMIT 1), '00000000-0000-0000-0000-000000000002', 'twitter', 'https://twitter.com/status/example1');

-- =============================================
-- 10. μ£Όλ¬Έ λ°μ΄ν„°
-- =============================================

INSERT INTO orders (user_id, total_amount, status, payment_method, payment_id, shipping_address) VALUES
('00000000-0000-0000-0000-000000000001', 5000, 'delivered', 'card', 'pay_123456789', '{"name": "κΉ€ν¬ν•­", "address": "κ²½μƒλ¶λ„ ν¬ν•­μ‹ λ¶κµ¬", "phone": "010-1234-5678"}'),
('00000000-0000-0000-0000-000000000002', 3000, 'shipped', 'card', 'pay_123456790', '{"name": "μ΄μ—¬ν–‰", "address": "κ²½μƒλ¶λ„ ν¬ν•­μ‹ λ‚¨κµ¬", "phone": "010-2345-6789"}'),
('00000000-0000-0000-0000-000000000003', 15000, 'processing', 'card', 'pay_123456791', '{"name": "λ°•μ¤ν† λ¦¬", "address": "κ²½μƒλ¶λ„ ν¬ν•­μ‹ λ¶κµ¬", "phone": "010-3456-7890"}'),
('00000000-0000-0000-0000-000000000004', 5000, 'paid', 'card', 'pay_123456792', '{"name": "μµμ—¬ν–‰", "address": "κ²½μƒλ¶λ„ ν¬ν•­μ‹ λ‚¨κµ¬", "phone": "010-4567-8901"}'),
('00000000-0000-0000-0000-000000000005', 3000, 'pending', 'card', 'pay_123456793', '{"name": "μ •ν¬ν•­", "address": "κ²½μƒλ¶λ„ ν¬ν•­μ‹ λ¶κµ¬", "phone": "010-5678-9012"}');

-- =============================================
-- 11. μ£Όλ¬Έ μ•„μ΄ν… λ°μ΄ν„°
-- =============================================

INSERT INTO order_items (order_id, template_id, quantity, customization_data, price) VALUES
((SELECT id FROM orders WHERE user_id = '00000000-0000-0000-0000-000000000001' LIMIT 1), (SELECT id FROM templates WHERE name = 'ν¬ν•­4μ»· κΈ°λ³Έ' LIMIT 1), 1, '{"photos": ["photo1.jpg", "photo2.jpg", "photo3.jpg", "photo4.jpg"]}', 5000),
((SELECT id FROM orders WHERE user_id = '00000000-0000-0000-0000-000000000002' LIMIT 1), (SELECT id FROM templates WHERE name = 'λ΅¤λ§νμ΄νΌ κΈ°λ³Έ' LIMIT 1), 1, '{"text": "ν¬ν•­ μ—¬ν–‰μ μ¶”μ–µμ„ λ‹΄μ€ λ΅¤λ§νμ΄νΌ"}', 3000),
((SELECT id FROM orders WHERE user_id = '00000000-0000-0000-0000-000000000003' LIMIT 1), (SELECT id FROM templates WHERE name = 'ν¬ν† λ¶ κΈ°λ³Έ' LIMIT 1), 1, '{"photos": ["photo1.jpg", "photo2.jpg", "photo3.jpg", "photo4.jpg", "photo5.jpg"]}', 15000),
((SELECT id FROM orders WHERE user_id = '00000000-0000-0000-0000-000000000004' LIMIT 1), (SELECT id FROM templates WHERE name = 'ν¬ν•­4μ»· κΈ°λ³Έ' LIMIT 1), 1, '{"photos": ["photo1.jpg", "photo2.jpg", "photo3.jpg", "photo4.jpg"]}', 5000),
((SELECT id FROM orders WHERE user_id = '00000000-0000-0000-0000-000000000005' LIMIT 1), (SELECT id FROM templates WHERE name = 'λ΅¤λ§νμ΄νΌ κΈ°λ³Έ' LIMIT 1), 1, '{"text": "ν¬ν•­μ μ•„λ¦„λ‹¤μ΄ μ¶”μ–µ"}', 3000);

-- =============================================
-- 12. μ±„ν… μ„Έμ… λ°μ΄ν„°
-- =============================================

INSERT INTO chat_sessions (user_id, session_name) VALUES
('00000000-0000-0000-0000-000000000001', 'ν¬ν•­ μ—¬ν–‰ μƒλ‹΄'),
('00000000-0000-0000-0000-000000000002', 'ν¬ν•­ λ¬Έν™” μμ  λ¬Έμ'),
('00000000-0000-0000-0000-000000000003', 'νΈλ―Έκ³¶ μΌμ¶ ν¬μ–΄ λ¬Έμ'),
('00000000-0000-0000-0000-000000000004', 'ν¬ν•­ λ§›μ§‘ μ¶”μ²'),
('00000000-0000-0000-0000-000000000005', 'ν¬ν•­ μ—­μ‚¬ λ¬Έν™” λ¬Έμ');

-- =============================================
-- 13. μ±„ν… λ©”μ‹μ§€ λ°μ΄ν„°
-- =============================================

INSERT INTO chat_messages (session_id, role, content, metadata) VALUES
((SELECT id FROM chat_sessions WHERE session_name = 'ν¬ν•­ μ—¬ν–‰ μƒλ‹΄' LIMIT 1), 'user', 'ν¬ν•­μ—μ„ 1λ°• 2μΌ μ—¬ν–‰μ„ κ³„νν•κ³  μλ”λ° μ¶”μ²ν•΄μ£Όμ„Έμ”.', '{"intent": "travel_planning"}'),
((SELECT id FROM chat_sessions WHERE session_name = 'ν¬ν•­ μ—¬ν–‰ μƒλ‹΄' LIMIT 1), 'assistant', 'ν¬ν•­ 1λ°• 2μΌ μ—¬ν–‰μΌλ΅λ” μμΌλ€ ν•΄μμ•μ¥κ³Ό κµ¬λ£΅ν¬λ¥Ό λ‘λ¬λ³΄λ” "ν¬ν•­ λ°”λ‹¤μ™€ μΌλ°μ λ§λ‚¨" μ½”μ¤λ¥Ό μ¶”μ²λ“λ¦½λ‹λ‹¤.', '{"recommendation": "course"}'),
((SELECT id FROM chat_sessions WHERE session_name = 'ν¬ν•­ λ¬Έν™” μμ  λ¬Έμ' LIMIT 1), 'user', 'ν¬ν•­μ—μ„ λ¬Έν™” μμ μ„ μ¦κΈΈ μ μλ” κ³³μ΄ μλ‚μ”?', '{"intent": "cultural_inquiry"}'),
((SELECT id FROM chat_sessions WHERE session_name = 'ν¬ν•­ λ¬Έν™” μμ  λ¬Έμ' LIMIT 1), 'assistant', 'ν¬ν•­μ‹λ¦½μ¤‘μ•™μ•„νΈν™€κ³Ό ν¬ν•­λ¬Έν™”μμ νκ΄€μ—μ„ λ‹¤μ–‘ν• λ¬Έν™” μμ  ν™λ™μ„ μ¦κΈ°μ‹¤ μ μμµλ‹λ‹¤. "ν¬ν•­ λ¬Έν™”μ μ  νƒλ°©" μ½”μ¤λ¥Ό μ¶”μ²λ“λ¦½λ‹λ‹¤.', '{"recommendation": "course"}'),
((SELECT id FROM chat_sessions WHERE session_name = 'νΈλ―Έκ³¶ μΌμ¶ ν¬μ–΄ λ¬Έμ' LIMIT 1), 'user', 'νΈλ―Έκ³¶μ—μ„ μΌμ¶μ„ λ³΄λ ¤λ©΄ μ–Έμ  κ°€μ•Ό ν•λ‚μ”?', '{"intent": "sunrise_inquiry"}'),
((SELECT id FROM chat_sessions WHERE session_name = 'νΈλ―Έκ³¶ μΌμ¶ ν¬μ–΄ λ¬Έμ' LIMIT 1), 'assistant', 'νΈλ―Έκ³¶μ—μ„ μΌμ¶μ„ λ³΄μ‹λ ¤λ©΄ μƒλ²½ 5-6μ‹κ²½μ— λ„μ°©ν•μ‹λ” κ²ƒμ„ μ¶”μ²λ“λ¦½λ‹λ‹¤. "νΈλ―Έκ³¶ μΌμ¶ ν¬μ–΄" μ½”μ¤κ°€ μμµλ‹λ‹¤.', '{"recommendation": "course"}'),
((SELECT id FROM chat_sessions WHERE session_name = 'ν¬ν•­ λ§›μ§‘ μ¶”μ²' LIMIT 1), 'user', 'ν¬ν•­μ—μ„ λ§›μλ” ν•΄μ‚°λ¬Όμ„ λ¨Ήμ„ μ μλ” κ³³μ΄ μλ‚μ”?', '{"intent": "food_recommendation"}'),
((SELECT id FROM chat_sessions WHERE session_name = 'ν¬ν•­ λ§›μ§‘ μ¶”μ²' LIMIT 1), 'assistant', 'ν¬ν•­μ‹μ¥κ³Ό μ²­ν• κ³µμ§„μ‹μ¥μ—μ„ μ‹ μ„ ν• ν•΄μ‚°λ¬Όμ„ λ§›λ³΄μ‹¤ μ μμµλ‹λ‹¤. "ν¬ν•­ λ§›μ§‘ νƒλ°©" μ½”μ¤λ¥Ό μ¶”μ²λ“λ¦½λ‹λ‹¤.', '{"recommendation": "course"}'),
((SELECT id FROM chat_sessions WHERE session_name = 'ν¬ν•­ μ—­μ‚¬ λ¬Έν™” λ¬Έμ' LIMIT 1), 'user', 'ν¬ν•­μ μ—­μ‚¬λ¥Ό λ°°μΈ μ μλ” κ³³μ΄ μλ‚μ”?', '{"intent": "history_inquiry"}'),
((SELECT id FROM chat_sessions WHERE session_name = 'ν¬ν•­ μ—­μ‚¬ λ¬Έν™” λ¬Έμ' LIMIT 1), 'assistant', 'μ¥κΈ°μ λ°°λ¬Έν™”μ²΄ν—μ΄μ—μ„ ν¬ν•­μ μ—­μ‚¬λ¥Ό λ°°μ°μ‹¤ μ μμµλ‹λ‹¤. "ν¬ν•­ λ¬Έν™”μ μ  νƒλ°©" μ½”μ¤λ¥Ό μ¶”μ²λ“λ¦½λ‹λ‹¤.', '{"recommendation": "course"}');

-- =============================================
-- 14. μ™„λ£ λ©”μ‹μ§€
-- =============================================

SELECT 'ν¬ν•­ μ¤ν† λ¦¬ ν…”λ¬ μ‚¬μ©μ μ°Έμ—¬ λ°μ΄ν„°κ°€ μ„±κ³µμ μΌλ΅ μ‚½μ…λμ—μµλ‹λ‹¤.' as message;
